{
  "./pb/pb1.pb": {
    "1": {
      "time": 1.5409999999999996e-05,
      "maxUtility": 8
    },
    "2": {
      "time": 0.00014212000000000003,
      "maxUtility": 8
    },
    "3": {
      "time": 0.00018988999999999993,
      "maxUtility": 8
    },
    "4": {
      "time": 0.00022103000000000002,
      "maxUtility": 8
    },
    "5": {
      "time": 0.0002456900000000001,
      "maxUtility": 8
    },
    "6": {
      "time": 0.00032834000000000004,
      "maxUtility": 8
    },
    "7": {
      "time": 0.0003243500000000001,
      "maxUtility": 8
    },
    "8": {
      "time": 0.00038077000000000006,
      "maxUtility": 8
    },
    "9": {
      "time": 0.00033865000000000013,
      "maxUtility": 8
    },
    "10": {
      "time": 0.0003384400000000001,
      "maxUtility": 8
    },
    "11": {
      "time": 0.0003764900000000001,
      "maxUtility": 8
    },
    "12": {
      "time": 0.00041723999999999993,
      "maxUtility": 8
    },
    "13": {
      "time": 0.00044612000000000015,
      "maxUtility": 8
    },
    "14": {
      "time": 0.0006467299999999997,
      "maxUtility": 8
    },
    "15": {
      "time": 0.0010385300000000002,
      "maxUtility": 8
    },
    "16": {
      "time": 0.002232589999999999,
      "maxUtility": 8
    }
  },
  "./pb/pb2.pb": {
    "1": {
      "time": 0.0018118899999999996,
      "maxUtility": 1719239
    },
    "2": {
      "time": 0.0015580800000000003,
      "maxUtility": 1719239
    },
    "3": {
      "time": 0.00130556,
      "maxUtility": 1719239
    },
    "4": {
      "time": 0.0011684099999999995,
      "maxUtility": 1719239
    },
    "5": {
      "time": 0.0010505299999999996,
      "maxUtility": 1719239
    },
    "6": {
      "time": 0.0009558800000000001,
      "maxUtility": 1719239
    },
    "7": {
      "time": 0.0007646399999999996,
      "maxUtility": 1719239
    },
    "8": {
      "time": 0.0006749499999999997,
      "maxUtility": 1719239
    },
    "9": {
      "time": 0.0007712600000000003,
      "maxUtility": 1719239
    },
    "10": {
      "time": 0.0008440399999999999,
      "maxUtility": 1719239
    },
    "11": {
      "time": 0.0008942399999999997,
      "maxUtility": 1719239
    },
    "12": {
      "time": 0.0009198799999999998,
      "maxUtility": 1719239
    },
    "13": {
      "time": 0.0009734999999999998,
      "maxUtility": 1719239
    },
    "14": {
      "time": 0.00100733,
      "maxUtility": 1719239
    },
    "15": {
      "time": 0.0016874499999999994,
      "maxUtility": 1719239
    },
    "16": {
      "time": 0.006200950000000003,
      "maxUtility": 1719239
    }
  },
  "./pb/pb6.pb": {
    "1": {
      "time": 0.32406527,
      "maxUtility": 197770
    },
    "2": {
      "time": 0.19672470000000003,
      "maxUtility": 197770
    },
    "3": {
      "time": 0.14888366000000006,
      "maxUtility": 197770
    },
    "4": {
      "time": 0.12003364999999994,
      "maxUtility": 197770
    },
    "5": {
      "time": 0.11258232,
      "maxUtility": 197770
    },
    "6": {
      "time": 0.09530076999999997,
      "maxUtility": 197770
    },
    "7": {
      "time": 0.08837463999999998,
      "maxUtility": 197770
    },
    "8": {
      "time": 0.08859447000000001,
      "maxUtility": 197770
    },
    "9": {
      "time": 0.10879032000000004,
      "maxUtility": 197770
    },
    "10": {
      "time": 0.10221516999999998,
      "maxUtility": 197770
    },
    "11": {
      "time": 0.09884456999999999,
      "maxUtility": 197770
    },
    "12": {
      "time": 0.09371289999999999,
      "maxUtility": 197770
    },
    "13": {
      "time": 0.08739626000000002,
      "maxUtility": 197770
    },
    "14": {
      "time": 0.08480158999999998,
      "maxUtility": 197770
    },
    "15": {
      "time": 0.08582016000000003,
      "maxUtility": 197770
    },
    "16": {
      "time": 0.09263982000000003,
      "maxUtility": 197770
    }
  }
}